q_id,answer
1,"Для получения номера счета вам нужно обратиться к реквизитам договора, где он указан, или использовать мобильное приложение или интернет-кабинет банка. Также вы можете позвонить в техподдержку и предоставить необходимую информацию для идентификации, чтобы получить номер счета."
2,Информации недостаточно.
3,"Для подтверждения некоторых операций вам всё ещё могут приходить коды в смс, если вы не включили секретный код в приложении. Вы можете проверить это в настройках подтверждения операций в профиле."
4,Информации недостаточно.
5,По所提供的信息，您在激活信用卡并进行首次交易后，将开始享受60天的免息期。具体来说，60天的免息期从您的首次交易日期开始。
6,Информации недостаточно.
7,Информации недостаточно.
8,Информации недостаточно.
9,Информации недостаточно.
10,Информации недостаточно.
11,Информации недостаточно.
12,"Если не получается войти в Альфа-Онлайн, позвоните в поддержку по номерам: 8 800 200-00-00 (для звонков по России) или +7 495 788-88-78 (в Москве и за границей)."
13,Информации недостаточно.
14,"Вы можете найти номер расчётного счёта в разделе договора с реквизитами, который содержит все необходимые сведения для перевода и платежей. Также его могут дублировать на конверте с договором или получить через мобильное приложение или интернет-кабинет банка."
15,Информации недостаточно.
16,"Платеж был списан с вашего дебетовой карты Альфа-Банка на ваш кредитный счет. Теперь вам ничего больше делать не нужно, оставшиеся суммы будут списываться автоматически."
17,Информации недостаточно.
18,"Вы можете посмотреть все ваши счета на главной странице интернет-банка в блоке ""Счета"" или в левом боковом меню выбрав раздел ""Счета"". Там будет список всех ваших счетов в Альфа-Банке."
19,Деньги могут находиться в статусе холда до момента подтверждения операции. Проверьте выписку в приложении или на сайте банка для получения точной информации о состоянии счета.
20,Информации недостаточно.
21,Информации недостаточно.
22,Информации недостаточно.
23,Информации недостаточно.
24,"Кэшбэк зависит от условий вашей карты и категорий расходов. Например, в некоторых категориях можно получить до 7% кэшбэка, а с помощью специальных предложений甚至在某些情况下，您可以获得高达15%的现金返还。具体取决于您使用的卡片类型和消费习惯。"
25,Информации недостаточно.
26,"Информации недостаточно. Контекст содержит информацию о БИК (международный номер банковского счёта) и IBAN (международный стандартизированный номер), но не предоставляет методов для получения БИК конкретного клиента."
27,"Кэшбэк начисляется на покупки от 10 000 ₽ в месяц, при этом сумма покупки округляется в меньшую сторону до кратной 100 ₽, до 1000 ₽ в двух категориях (АЗС и кафе/рестораны) и до 5000 ₽ в месяц за все покупки. Однако кэшбэк не будет начислен за снятие и перевод денег, покупку лотерейных"
28,"Покупки в магазине Zolla могут не отображаться в истории операциций, так как они могут быть классифицированы с определёнными МСС-кодами, которые не учитываются как обычные покупки."
29,Вы можете проверить последние операции на вашей карте через приложение Альфа-Мобайл или веб-версию банка Альфа-Клик.
30,Информации недостаточно.
31,Информации недостаточно.
32,Информации недостаточно.
33,Информации недостаточно.
34,Информации недостаточно.
35,"Для получения расчетного счета можно отправить официальный запрос в компанию на фирменном бланке, используя её ИНН. Также рекомендуется проверить наличие налоговых нарушений и уплаченных налогов через раздел «Прозрачный бизнес» на сайте ФНС."
36,Информации недостаточно.
37,Информации недостаточно.
38,"Вы можете открыть или закрыть расчётный счёт на странице со списком всех ваших счетов в интернет-банке. Этот список доступен в левом боковом меню под разделом ""Счета"" или на главной странице в блоке ""Счета""."
39,Информации недостаточно.
40,Информации недостаточно.
41,Информации недостаточно.
42,Информации недостаточно.
43,Информации недостаточно.
44,"Сумма поступила, но она временно блокируется на счете (холд), и真正的中文翻译是：

真正的中文翻译是：

真正的中文翻译是：

真正的中文翻译是：

真正的中文翻译是：

真正的中文翻译是：

真正的中文翻译是：

真正的中文翻译是：

真正的中文翻译是：

真正的中文翻译是：

真正的中文翻译是：

真正的中文翻译是：

真正的中文翻译是：

真正的中文翻译是：

真正的中文翻译是：

真正的中文翻译是：

真正的中文翻译是：

真正的中文翻译是：

真正的中文翻译是：

真正的中文"
45,Информации недостаточно. Контекст не содержит информации о процессе заполнения заявки.
46,"Если нет денег на кредитке, лучше всего как можно скорее внести хотя бы минимальный платеж, чтобы избежать просрочки и штрафов. Также можно обратиться в банк для обсуждения возможных вариантов решения проблемы."
47,Информации недостаточно.
48,Информации недостаточно.
49,Информации недостаточно.
50,Кредитный счёт позволяет использовать лимит信贷账户允许使用信用额度，具体条件和期限将根据个人情况单独确定。更多信息请咨询银行以获取个性化建议。
